timestamp,username,ip_address,status
2026-06-01 09:00:01,admin,192.168.1.10,success
2026-06-01 09:01:15,john,192.168.1.20,success
2026-06-01 09:02:30,sarah,192.168.1.30,success
2026-06-01 09:03:40,mike,192.168.1.40,success
2026-06-01 09:04:55,alice,192.168.1.50,success
2026-06-01 09:05:01,admin,192.168.1.100,failed
2026-06-01 09:05:05,admin,192.168.1.100,failed
2026-06-01 09:05:10,admin,192.168.1.100,failed
2026-06-01 09:05:15,admin,192.168.1.100,failed
2026-06-01 09:05:20,admin,192.168.1.100,failed
2026-06-01 09:05:25,admin,192.168.1.100,failed
2026-06-01 09:06:00,john,192.168.1.20,success
2026-06-01 09:07:10,sarah,192.168.1.30,success
2026-06-01 09:08:20,bob,192.168.1.60,success
2026-06-01 09:09:35,guest,192.168.1.150,failed
2026-06-01 09:09:40,guest,192.168.1.150,failed
2026-06-01 09:09:45,guest,192.168.1.150,failed
2026-06-01 09:09:50,guest,192.168.1.150,failed
2026-06-01 09:09:55,guest,192.168.1.150,failed
2026-06-01 09:10:00,guest,192.168.1.150,failed
2026-06-01 09:10:10,mike,192.168.1.40,success
2026-06-01 09:11:15,alice,192.168.1.50,success
2026-06-01 09:12:20,admin,192.168.1.10,success
2026-06-01 09:13:25,john,192.168.1.20,success
2026-06-01 09:14:30,sarah,192.168.1.30,success
2026-06-01 09:15:00,root,192.168.1.200,failed
2026-06-01 09:15:05,root,192.168.1.200,failed
2026-06-01 09:15:10,root,192.168.1.200,failed
2026-06-01 09:15:15,root,192.168.1.200,failed
2026-06-01 09:15:20,root,192.168.1.200,failed
2026-06-01 09:15:25,root,192.168.1.200,failed
2026-06-01 09:16:30,bob,192.168.1.60,success
2026-06-01 09:17:35,alice,192.168.1.50,success
2026-06-01 09:18:40,john,192.168.1.20,success
2026-06-01 09:19:45,admin,192.168.1.10,success
2026-06-01 09:20:50,sarah,192.168.1.30,success
2026-06-01 09:21:00,test,192.168.1.175,failed
2026-06-01 09:21:05,test,192.168.1.175,failed
2026-06-01 09:21:10,test,192.168.1.175,failed
2026-06-01 09:21:15,test,192.168.1.175,failed
2026-06-01 09:21:20,test,192.168.1.175,failed
2026-06-01 09:21:25,test,192.168.1.175,failed
2026-06-01 09:22:30,mike,192.168.1.40,success
2026-06-01 09:23:35,bob,192.168.1.60,success
2026-06-01 09:24:40,admin,192.168.1.10,success
2026-06-01 09:25:45,john,192.168.1.20,success
2026-06-01 09:26:50,sarah,192.168.1.30,success
2026-06-01 09:27:55,alice,192.168.1.50,success
2026-06-01 09:28:59,bob,192.168.1.60,success
2026-06-01 09:30:00,admin,192.168.1.10,success2026-06-02T17:46:03.116440Z,ABCD1234,127.0.0.1,Success
2026-06-03T16:33:48.384588Z,ABCD1234,127.0.0.1,Success
2026-06-03T16:53:42.562923Z,ABCD1234,127.0.0.1,Success
2026-06-03T17:36:33.255600Z,ABCD1234,127.0.0.1,Success
2026-06-03T18:13:50.271538Z,ABCD1234,127.0.0.1,Success
2026-06-03T18:44:20.242423Z,ABCD1234,127.0.0.1,Success
2026-06-03T19:16:18.726195Z,ABCD1234,127.0.0.1,Success
2026-06-03T19:48:48.838785Z,ABCD1234,127.0.0.1,Success
